{
    "D": {
        "optimal": 268.22307504339943,
        "std_dev": 3.650287777345141
    },
    "G": {
        "optimal": 266.8349686664588,
        "std_dev": 5.5946417489336815
    },
    "H": {
        "optimal": 266.3244386281163,
        "std_dev": 3.4819984048991115
    }
}