{
    "D": {
        "optimal": 400.2457698934029,
        "std_dev": 31.732714465402804
    },
    "G": {
        "optimal": 388.612735056423,
        "std_dev": 32.11047090305847
    },
    "H": {
        "optimal": 384.6223508918345,
        "std_dev": 30.45754160538177
    }
}