{
    "D": {
        "optimal": 401.70946529715377,
        "std_dev": 3.421921191532366
    },
    "G": {
        "optimal": 401.96660679418596,
        "std_dev": 5.56556410089465
    },
    "H": {
        "optimal": 402.98890851993974,
        "std_dev": 3.421580659251279
    }
}