{
    "D": {
        "optimal": 402.5516529243868,
        "std_dev": 21.725886438239243
    },
    "G": {
        "optimal": 391.4523926427228,
        "std_dev": 22.022539675183154
    },
    "H": {
        "optimal": 393.5313041879478,
        "std_dev": 20.825690035065154
    }
}