{
    "D": {
        "optimal": 398.6593590319755,
        "std_dev": 16.23872253949702
    },
    "G": {
        "optimal": 401.04451945664437,
        "std_dev": 17.927169578628845
    },
    "H": {
        "optimal": 400.6739217789885,
        "std_dev": 16.45631349472981
    }
}