{
    "D": {
        "optimal": 403.2200351082678,
        "std_dev": 12.980032062079937
    },
    "G": {
        "optimal": 400.5989194410831,
        "std_dev": 14.314659055157927
    },
    "H": {
        "optimal": 401.2879597196156,
        "std_dev": 12.711419172645389
    }
}