{
    "D": {
        "optimal": 400.6463455086581,
        "std_dev": 10.537595730086966
    },
    "G": {
        "optimal": 397.62002214022453,
        "std_dev": 12.724139766034016
    },
    "H": {
        "optimal": 396.3512578158152,
        "std_dev": 10.644126678947192
    }
}