{
    "D": {
        "optimal": 404.6162110965347,
        "std_dev": 9.695717390381684
    },
    "G": {
        "optimal": 397.7662029197255,
        "std_dev": 11.124803651269142
    },
    "H": {
        "optimal": 405.0696364788761,
        "std_dev": 9.07412676959955
    }
}