{
    "D": {
        "optimal": 403.60379104621626,
        "std_dev": 8.155796381430953
    },
    "G": {
        "optimal": 399.81216276170954,
        "std_dev": 10.093292592223802
    },
    "H": {
        "optimal": 405.37608019630284,
        "std_dev": 8.369335098155407
    }
}