{
    "D": {
        "optimal": 398.1261300812654,
        "std_dev": 7.021476462223732
    },
    "G": {
        "optimal": 403.90746427317845,
        "std_dev": 9.870255964458924
    },
    "H": {
        "optimal": 399.1764008302072,
        "std_dev": 7.193808345979452
    }
}