{
    "D": {
        "optimal": 358.65106330677474,
        "std_dev": 56.576654866602674
    },
    "G": {
        "optimal": 329.6036232654218,
        "std_dev": 52.117742737718004
    },
    "H": {
        "optimal": 366.6786949231019,
        "std_dev": 59.924780406178755
    }
}