{
    "D": {
        "optimal": 402.028545599514,
        "std_dev": 6.68476543658897
    },
    "G": {
        "optimal": 401.0567769141568,
        "std_dev": 8.933990176771767
    },
    "H": {
        "optimal": 401.6145743264426,
        "std_dev": 6.5509661989819294
    }
}