{
    "D": {
        "optimal": 401.95180328581927,
        "std_dev": 5.900421227975451
    },
    "G": {
        "optimal": 398.74965347606997,
        "std_dev": 8.160618485937434
    },
    "H": {
        "optimal": 402.52736534093253,
        "std_dev": 5.794307378954058
    }
}