{
    "D": {
        "optimal": 401.9532619268819,
        "std_dev": 5.412741638222799
    },
    "G": {
        "optimal": 402.90000806921705,
        "std_dev": 7.787991440909188
    },
    "H": {
        "optimal": 402.2746708762518,
        "std_dev": 5.49903698751187
    }
}