{
    "D": {
        "optimal": 404.51615486715866,
        "std_dev": 5.097567398347342
    },
    "G": {
        "optimal": 399.6099257781738,
        "std_dev": 7.609311391918397
    },
    "H": {
        "optimal": 399.58671741287776,
        "std_dev": 4.930149110709137
    }
}