{
    "D": {
        "optimal": 403.3177863168664,
        "std_dev": 4.77248455791524
    },
    "G": {
        "optimal": 401.6594539841964,
        "std_dev": 6.887580312580671
    },
    "H": {
        "optimal": 401.4608424105121,
        "std_dev": 4.797112257217192
    }
}