{
    "D": {
        "optimal": 401.22767817647787,
        "std_dev": 4.456630236581907
    },
    "G": {
        "optimal": 403.327443274368,
        "std_dev": 6.681565148273563
    },
    "H": {
        "optimal": 401.46946800599477,
        "std_dev": 4.454664251609194
    }
}