{
    "D": {
        "optimal": 401.750768895524,
        "std_dev": 4.123702011997443
    },
    "G": {
        "optimal": 403.5610423613543,
        "std_dev": 6.385185094832304
    },
    "H": {
        "optimal": 401.4746546007834,
        "std_dev": 4.096910327979736
    }
}