{
    "D": {
        "optimal": 400.8490769255756,
        "std_dev": 3.9398760222957003
    },
    "G": {
        "optimal": 403.03998244500195,
        "std_dev": 6.187625873989266
    },
    "H": {
        "optimal": 402.7741284866907,
        "std_dev": 3.980926588418876
    }
}