{
    "D": {
        "optimal": 403.6932552022795,
        "std_dev": 3.60379621428542
    },
    "G": {
        "optimal": 403.667348370077,
        "std_dev": 6.028843861700953
    },
    "H": {
        "optimal": 402.7396774169314,
        "std_dev": 3.8875759942873893
    }
}