{
    "D": {
        "optimal": 405.2990491617857,
        "std_dev": 3.5766333507726604
    },
    "G": {
        "optimal": 403.17076232766584,
        "std_dev": 5.94494886940067
    },
    "H": {
        "optimal": 400.45009764507336,
        "std_dev": 3.74911228715489
    }
}