{
    "D": {
        "optimal": 1018.1282278039668,
        "std_dev": 18.7993653712253
    },
    "G": {
        "optimal": 1024.9636824292916,
        "std_dev": 22.263998929231203
    },
    "H": {
        "optimal": 1024.2591306612749,
        "std_dev": 19.10736104436032
    }
}