{
    "D": {
        "optimal": 130.38637215727724,
        "std_dev": 1.1256735847529058
    },
    "G": {
        "optimal": 130.4404231380335,
        "std_dev": 2.4362396169434475
    },
    "H": {
        "optimal": 130.7453229878141,
        "std_dev": 1.1653558248413591
    }
}