{
    "D": {
        "optimal": 18.48787421117205,
        "std_dev": 0.6250617556550297
    },
    "G": {
        "optimal": 17.95362126929308,
        "std_dev": 0.5799584310278758
    },
    "H": {
        "optimal": 18.204249669429316,
        "std_dev": 0.2844827636852096
    }
}