{
    "D": {
        "optimal": 4.326912302745283,
        "std_dev": 0.3524201595888491
    },
    "G": {
        "optimal": 3.2235751849751324,
        "std_dev": 0.08628137607429423
    },
    "H": {
        "optimal": 3.2428836062427604,
        "std_dev": 0.047546303604485904
    }
}