{
    "D": {
        "optimal": 258.13463091290777,
        "std_dev": 2.5224157154295095
    },
    "G": {
        "optimal": 260.0401311326473,
        "std_dev": 4.423987222073041
    },
    "H": {
        "optimal": 258.0224353816917,
        "std_dev": 2.434480876425875
    }
}