{
    "D": {
        "optimal": 35.12216536543249,
        "std_dev": 0.8119193660008647
    },
    "G": {
        "optimal": 34.013710525343974,
        "std_dev": 0.9200966560043979
    },
    "H": {
        "optimal": 34.209524778688554,
        "std_dev": 0.43007454639176396
    }
}