{
    "D": {
        "optimal": 6.14744388510518,
        "std_dev": 0.4478293849627469
    },
    "G": {
        "optimal": 5.448166962170661,
        "std_dev": 0.16845493849071103
    },
    "H": {
        "optimal": 5.551513307469919,
        "std_dev": 0.08566982811322449
    }
}