{
    "D": {
        "optimal": 511.4877266033374,
        "std_dev": 6.581472762371877
    },
    "G": {
        "optimal": 512.9069447116927,
        "std_dev": 9.294230218642214
    },
    "H": {
        "optimal": 514.2660409291079,
        "std_dev": 6.813197842307936
    }
}