{
    "D": {
        "optimal": 69.13657047091861,
        "std_dev": 0.9194345335113068
    },
    "G": {
        "optimal": 66.38810279671084,
        "std_dev": 1.4866908167658173
    },
    "H": {
        "optimal": 66.49170125515947,
        "std_dev": 0.6465971025355379
    }
}