{
    "D": {
        "optimal": 10.421789133098303,
        "std_dev": 0.5840947637366851
    },
    "G": {
        "optimal": 9.641303066828854,
        "std_dev": 0.31367800590517064
    },
    "H": {
        "optimal": 9.975988239906805,
        "std_dev": 0.15756431290591896
    }
}