{
    "D": {
        "optimal": 312.2538654676388,
        "std_dev": 4.359906719929841
    },
    "G": {
        "optimal": 314.7014367494043,
        "std_dev": 6.477320885746643
    },
    "H": {
        "optimal": 313.50012054415237,
        "std_dev": 4.587819184246381
    },
    "C": {
        "optimal": 320.999998008202,
        "std_dev": 1.2149297964591524e-07
    }
}