{
    "D": {
        "optimal": 696.6375128475127,
        "std_dev": 14.776537052955774
    },
    "G": {
        "optimal": 698.0032801002811,
        "std_dev": 17.22441905393548
    },
    "H": {
        "optimal": 704.0050845391702,
        "std_dev": 14.339755543795041
    },
    "C": {
        "optimal": 1276.918920881998,
        "std_dev": 40.1592372635872
    }
}