{
    "C": {
        "optimal": 503.5210363385349,
        "std_dev": 13.989312552230697
    },
    "B": {
        "optimal": 22.602908318514775,
        "std_dev": 5.394092141354599
    }
}