{
    "C": {
        "optimal": 280.1079978966091,
        "std_dev": 56.93290870007649
    },
    "B": {
        "optimal": 11.72480595140658,
        "std_dev": 2.9605911956245348
    }
}