{
    "C": {
        "optimal": 517.5258132015133,
        "std_dev": 33.011793467454815
    },
    "B": {
        "optimal": 33.74814959888939,
        "std_dev": 9.687799054447066
    }
}