{
    "C": {
        "optimal": 488.45569186314094,
        "std_dev": 28.415006758388344
    },
    "B": {
        "optimal": 32.33112514945721,
        "std_dev": 8.164979846432555
    }
}