{
    "C": {
        "optimal": 604.9060733301004,
        "std_dev": 12.308633620598565
    },
    "B": {
        "optimal": 16.851590152044096,
        "std_dev": 4.893674709511637
    }
}