{
    "C": {
        "optimal": 627.1795858500211,
        "std_dev": 94.56968194531264
    },
    "B": {
        "optimal": 12.080303165755012,
        "std_dev": 3.033262676504791
    }
}