{
    "C": {
        "optimal": 388.20751001364073,
        "std_dev": 56.13535838607493
    },
    "B": {
        "optimal": 14.749697925759689,
        "std_dev": 4.905050377539587
    }
}