{
    "C": {
        "optimal": 426.22690536075083,
        "std_dev": 85.18552475359208
    },
    "B": {
        "optimal": 15.655984890949792,
        "std_dev": 4.339339129306299
    }
}