{
    "C": {
        "optimal": 400.97629116549047,
        "std_dev": 69.55791047410455
    },
    "B": {
        "optimal": 17.910406846919766,
        "std_dev": 4.683409570799307
    }
}