{
    "C": {
        "optimal": 583.6216185382922,
        "std_dev": 69.55835048015686
    },
    "B": {
        "optimal": 92.23261166070078,
        "std_dev": 8.17398788389674
    }
}