{
    "C": {
        "optimal": 346.07131570567117,
        "std_dev": 66.06741716465767
    },
    "B": {
        "optimal": 15.379386595712678,
        "std_dev": 4.282029153262572
    }
}