{
    "C": {
        "optimal": 374.2710438502811,
        "std_dev": 46.98737259969821
    },
    "B": {
        "optimal": 10.897544680435882,
        "std_dev": 3.3414245486904965
    }
}