{
    "C": {
        "optimal": 314.66972295801645,
        "std_dev": 51.83685141716264
    },
    "B": {
        "optimal": 7.365337202273315,
        "std_dev": 2.304551765830553
    }
}