{
    "C": {
        "optimal": 387.1621114880811,
        "std_dev": 77.91556323442846
    },
    "B": {
        "optimal": 14.12470428914771,
        "std_dev": 4.135764085789389
    }
}