{
    "C": {
        "optimal": 355.0959231593171,
        "std_dev": 74.11067727562622
    },
    "B": {
        "optimal": 11.449207228187175,
        "std_dev": 3.397003933622653
    }
}