{
    "C": {
        "optimal": 311.1105771950996,
        "std_dev": 49.3931129177311
    },
    "B": {
        "optimal": 8.363402654177992,
        "std_dev": 2.6323065065924296
    }
}