{
    "C": {
        "optimal": 364.7203441616678,
        "std_dev": 48.83577362864973
    },
    "B": {
        "optimal": 8.139389361527975,
        "std_dev": 2.470005710245401
    }
}