{
    "C": {
        "optimal": 347.72360023347,
        "std_dev": 76.03029087097129
    },
    "B": {
        "optimal": 12.596559645125636,
        "std_dev": 3.5581388691779785
    }
}