{
    "C": {
        "optimal": 280.8136748315682,
        "std_dev": 66.25401753465141
    },
    "B": {
        "optimal": 7.940519693938716,
        "std_dev": 2.4917915544190787
    }
}