{
    "C": {
        "optimal": 333.5767858727577,
        "std_dev": 74.38851578772906
    },
    "B": {
        "optimal": 14.497701992457388,
        "std_dev": 4.00225875450533
    }
}